collector,batch_size_days,total_chunks,total_records,elapsed_time,success_rate,records_per_second,storage_files,has_errors
eia,7,1,290,4.231092929840088,1.0,68.54021048669343,0,false
eia,14,1,290,4.447750806808472,1.0,65.20149455227515,0,false
eia,30,1,290,2.024136781692505,1.0,143.27095017635776,0,false
eia,60,1,290,1.3428120613098145,1.0,215.9646970381889,0,false
eia,90,1,290,2.1988258361816406,1.0,131.8885721770479,0,false
